ID,Source,Tubes,MassFlowCoefficient,DistanceFactor,Radius,Location
ID1,a-line,5,0.005,1.25,0.063,./IDs/ID1
ID2,a-line,5,0.005,1.5,0.063,./IDs/ID2
ID3,a-line,5,0.005,1.75,0.063,./IDs/ID3
ID4,a-line,5,0.005,2,0.063,./IDs/ID4
ID5,a-line,5,0.005,2.25,0.063,./IDs/ID5
ID6,a-line,5,0.005,2.375,0.063,./IDs/ID6
ID7,a-line,5,0.005,2.5,0.063,./IDs/ID7
ID8,a-line,5,0.005,2.75,0.063,./IDs/ID8
ID9,a-line,5,0.005,3,0.063,./IDs/ID9
ID10,a-line,5,0.005,3.5,0.063,./IDs/ID10
ID11,a-line,5,0.005,4,0.063,./IDs/ID11
ID12,a-line,5,0.005,4.25,0.063,./IDs/ID12
ID13,a-line,5,0.010,1.25,0.063,./IDs/ID13
ID14,a-line,5,0.010,1.5,0.063,./IDs/ID14
ID15,a-line,5,0.010,1.75,0.063,./IDs/ID15
ID16,a-line,5,0.010,2,0.063,./IDs/ID16
ID17,a-line,5,0.010,2.25,0.063,./IDs/ID17
ID18,a-line,5,0.010,2.375,0.063,./IDs/ID18
ID19,a-line,5,0.010,2.5,0.063,./IDs/ID19
ID20,a-line,5,0.010,2.75,0.063,./IDs/ID20
ID21,a-line,5,0.010,3,0.063,./IDs/ID21
ID22,a-line,5,0.010,3.5,0.063,./IDs/ID22
ID23,a-line,5,0.010,4,0.063,./IDs/ID23
ID24,a-line,5,0.010,4.25,0.063,./IDs/ID24
ID25,a-line,5,0.015,1.25,0.063,./IDs/ID25
ID26,a-line,5,0.015,1.5,0.063,./IDs/ID26
ID27,a-line,5,0.015,1.75,0.063,./IDs/ID27
ID28,a-line,5,0.015,2,0.063,./IDs/ID28
ID29,a-line,5,0.015,2.25,0.063,./IDs/ID29
ID30,a-line,5,0.015,2.375,0.063,./IDs/ID30
ID31,a-line,5,0.015,2.5,0.063,./IDs/ID31
ID32,a-line,5,0.015,2.75,0.063,./IDs/ID32
ID33,a-line,5,0.015,3,0.063,./IDs/ID33
ID34,a-line,5,0.015,3.5,0.063,./IDs/ID34
ID35,a-line,5,0.015,4,0.063,./IDs/ID35
ID36,a-line,5,0.015,4.25,0.063,./IDs/ID36
ID37,a-line,5,0.020,1.25,0.063,./IDs/ID37
ID38,a-line,5,0.020,1.5,0.063,./IDs/ID38
ID39,a-line,5,0.020,1.75,0.063,./IDs/ID39
ID40,a-line,5,0.020,2,0.063,./IDs/ID40
ID41,a-line,5,0.020,2.25,0.063,./IDs/ID41
ID42,a-line,5,0.020,2.375,0.063,./IDs/ID42
ID43,a-line,5,0.020,2.5,0.063,./IDs/ID43
ID44,a-line,5,0.020,2.75,0.063,./IDs/ID44
ID45,a-line,5,0.020,3,0.063,./IDs/ID45
ID46,a-line,5,0.020,3.5,0.063,./IDs/ID46
ID47,a-line,5,0.020,4,0.063,./IDs/ID47
ID48,a-line,5,0.020,4.25,0.063,./IDs/ID48
ID49,a-line,5,0.025,1.25,0.063,./IDs/ID49
ID50,a-line,5,0.025,1.5,0.063,./IDs/ID50
ID51,a-line,5,0.025,1.75,0.063,./IDs/ID51
ID52,a-line,5,0.025,2,0.063,./IDs/ID52
ID53,a-line,5,0.025,2.25,0.063,./IDs/ID53
ID54,a-line,5,0.025,2.375,0.063,./IDs/ID54
ID55,a-line,5,0.025,2.5,0.063,./IDs/ID55
ID56,a-line,5,0.025,2.75,0.063,./IDs/ID56
ID57,a-line,5,0.025,3,0.063,./IDs/ID57
ID58,a-line,5,0.025,3.5,0.063,./IDs/ID58
ID59,a-line,5,0.025,4,0.063,./IDs/ID59
ID60,a-line,5,0.025,4.25,0.063,./IDs/ID60
ID61,a-line,5,0.030,1.25,0.063,./IDs/ID61
ID62,a-line,5,0.030,1.5,0.063,./IDs/ID62
ID63,a-line,5,0.030,1.75,0.063,./IDs/ID63
ID64,a-line,5,0.030,2,0.063,./IDs/ID64
ID65,a-line,5,0.030,2.25,0.063,./IDs/ID65
ID66,a-line,5,0.030,2.375,0.063,./IDs/ID66
ID67,a-line,5,0.030,2.5,0.063,./IDs/ID67
ID68,a-line,5,0.030,2.75,0.063,./IDs/ID68
ID69,a-line,5,0.030,3,0.063,./IDs/ID69
ID70,a-line,5,0.030,3.5,0.063,./IDs/ID70
ID71,a-line,5,0.030,4,0.063,./IDs/ID71
ID72,a-line,5,0.030,4.25,0.063,./IDs/ID72
ID73,a-line,5,0.035,1.25,0.063,./IDs/ID73
ID74,a-line,5,0.035,1.5,0.063,./IDs/ID74
ID75,a-line,5,0.035,1.75,0.063,./IDs/ID75
ID76,a-line,5,0.035,2,0.063,./IDs/ID76
ID77,a-line,5,0.035,2.25,0.063,./IDs/ID77
ID78,a-line,5,0.035,2.375,0.063,./IDs/ID78
ID79,a-line,5,0.035,2.5,0.063,./IDs/ID79
ID80,a-line,5,0.035,2.75,0.063,./IDs/ID80
ID81,a-line,5,0.035,3,0.063,./IDs/ID81
ID82,a-line,5,0.035,3.5,0.063,./IDs/ID82
ID83,a-line,5,0.035,4,0.063,./IDs/ID83
ID84,a-line,5,0.035,4.25,0.063,./IDs/ID84
ID85,b-staggered,14,0.005,1.25,0.063,./IDs/ID85
ID86,b-staggered,14,0.005,1.5,0.063,./IDs/ID86
ID87,b-staggered,14,0.005,1.75,0.063,./IDs/ID87
ID88,b-staggered,14,0.005,2,0.063,./IDs/ID88
ID89,b-staggered,14,0.005,2.25,0.063,./IDs/ID89
ID90,b-staggered,14,0.005,2.375,0.063,./IDs/ID90
ID91,b-staggered,14,0.005,2.5,0.063,./IDs/ID91
ID92,b-staggered,14,0.005,2.75,0.063,./IDs/ID92
ID93,b-staggered,14,0.005,3,0.063,./IDs/ID93
ID94,b-staggered,14,0.005,3.5,0.063,./IDs/ID94
ID95,b-staggered,14,0.005,4,0.063,./IDs/ID95
ID96,b-staggered,14,0.005,4.25,0.063,./IDs/ID96
ID97,b-staggered,14,0.010,1.25,0.063,./IDs/ID97
ID98,b-staggered,14,0.010,1.5,0.063,./IDs/ID98
ID99,b-staggered,14,0.010,1.75,0.063,./IDs/ID99
ID100,b-staggered,14,0.010,2,0.063,./IDs/ID100
ID101,b-staggered,14,0.010,2.25,0.063,./IDs/ID101
ID102,b-staggered,14,0.010,2.375,0.063,./IDs/ID102
ID103,b-staggered,14,0.010,2.5,0.063,./IDs/ID103
ID104,b-staggered,14,0.010,2.75,0.063,./IDs/ID104
ID105,b-staggered,14,0.010,3,0.063,./IDs/ID105
ID106,b-staggered,14,0.010,3.5,0.063,./IDs/ID106
ID107,b-staggered,14,0.010,4,0.063,./IDs/ID107
ID108,b-staggered,14,0.010,4.25,0.063,./IDs/ID108
ID109,b-staggered,14,0.015,1.25,0.063,./IDs/ID109
ID110,b-staggered,14,0.015,1.5,0.063,./IDs/ID110
ID111,b-staggered,14,0.015,1.75,0.063,./IDs/ID111
ID112,b-staggered,14,0.015,2,0.063,./IDs/ID112
ID113,b-staggered,14,0.015,2.25,0.063,./IDs/ID113
ID114,b-staggered,14,0.015,2.375,0.063,./IDs/ID114
ID115,b-staggered,14,0.015,2.5,0.063,./IDs/ID115
ID116,b-staggered,14,0.015,2.75,0.063,./IDs/ID116
ID117,b-staggered,14,0.015,3,0.063,./IDs/ID117
ID118,b-staggered,14,0.015,3.5,0.063,./IDs/ID118
ID119,b-staggered,14,0.015,4,0.063,./IDs/ID119
ID120,b-staggered,14,0.015,4.25,0.063,./IDs/ID120
ID121,b-staggered,14,0.020,1.25,0.063,./IDs/ID121
ID122,b-staggered,14,0.020,1.5,0.063,./IDs/ID122
ID123,b-staggered,14,0.020,1.75,0.063,./IDs/ID123
ID124,b-staggered,14,0.020,2,0.063,./IDs/ID124
ID125,b-staggered,14,0.020,2.25,0.063,./IDs/ID125
ID126,b-staggered,14,0.020,2.375,0.063,./IDs/ID126
ID127,b-staggered,14,0.020,2.5,0.063,./IDs/ID127
ID128,b-staggered,14,0.020,2.75,0.063,./IDs/ID128
ID129,b-staggered,14,0.020,3,0.063,./IDs/ID129
ID130,b-staggered,14,0.020,3.5,0.063,./IDs/ID130
ID131,b-staggered,14,0.020,4,0.063,./IDs/ID131
ID132,b-staggered,14,0.020,4.25,0.063,./IDs/ID132
ID133,b-staggered,14,0.025,1.25,0.063,./IDs/ID133
ID134,b-staggered,14,0.025,1.5,0.063,./IDs/ID134
ID135,b-staggered,14,0.025,1.75,0.063,./IDs/ID135
ID136,b-staggered,14,0.025,2,0.063,./IDs/ID136
ID137,b-staggered,14,0.025,2.25,0.063,./IDs/ID137
ID138,b-staggered,14,0.025,2.375,0.063,./IDs/ID138
ID139,b-staggered,14,0.025,2.5,0.063,./IDs/ID139
ID140,b-staggered,14,0.025,2.75,0.063,./IDs/ID140
ID141,b-staggered,14,0.025,3,0.063,./IDs/ID141
ID142,b-staggered,14,0.025,3.5,0.063,./IDs/ID142
ID143,b-staggered,14,0.025,4,0.063,./IDs/ID143
ID144,b-staggered,14,0.025,4.25,0.063,./IDs/ID144
ID145,b-staggered,14,0.030,1.25,0.063,./IDs/ID145
ID146,b-staggered,14,0.030,1.5,0.063,./IDs/ID146
ID147,b-staggered,14,0.030,1.75,0.063,./IDs/ID147
ID148,b-staggered,14,0.030,2,0.063,./IDs/ID148
ID149,b-staggered,14,0.030,2.25,0.063,./IDs/ID149
ID150,b-staggered,14,0.030,2.375,0.063,./IDs/ID150
ID151,b-staggered,14,0.030,2.5,0.063,./IDs/ID151
ID152,b-staggered,14,0.030,2.75,0.063,./IDs/ID152
ID153,b-staggered,14,0.030,3,0.063,./IDs/ID153
ID154,b-staggered,14,0.030,3.5,0.063,./IDs/ID154
ID155,b-staggered,14,0.030,4,0.063,./IDs/ID155
ID156,b-staggered,14,0.030,4.25,0.063,./IDs/ID156
ID157,b-staggered,14,0.035,1.25,0.063,./IDs/ID157
ID158,b-staggered,14,0.035,1.5,0.063,./IDs/ID158
ID159,b-staggered,14,0.035,1.75,0.063,./IDs/ID159
ID160,b-staggered,14,0.035,2,0.063,./IDs/ID160
ID161,b-staggered,14,0.035,2.25,0.063,./IDs/ID161
ID162,b-staggered,14,0.035,2.375,0.063,./IDs/ID162
ID163,b-staggered,14,0.035,2.5,0.063,./IDs/ID163
ID164,b-staggered,14,0.035,2.75,0.063,./IDs/ID164
ID165,b-staggered,14,0.035,3,0.063,./IDs/ID165
ID166,b-staggered,14,0.035,3.5,0.063,./IDs/ID166
ID167,b-staggered,14,0.035,4,0.063,./IDs/ID167
ID168,b-staggered,14,0.035,4.25,0.063,./IDs/ID168
ID169,c-aligned,15,0.005,1.25,0.063,./IDs/ID169
ID170,c-aligned,15,0.005,1.5,0.063,./IDs/ID170
ID171,c-aligned,15,0.005,1.75,0.063,./IDs/ID171
ID172,c-aligned,15,0.005,2,0.063,./IDs/ID172
ID173,c-aligned,15,0.005,2.25,0.063,./IDs/ID173
ID174,c-aligned,15,0.005,2.375,0.063,./IDs/ID174
ID175,c-aligned,15,0.005,2.5,0.063,./IDs/ID175
ID176,c-aligned,15,0.005,2.75,0.063,./IDs/ID176
ID177,c-aligned,15,0.005,3,0.063,./IDs/ID177
ID178,c-aligned,15,0.005,3.5,0.063,./IDs/ID178
ID179,c-aligned,15,0.005,4,0.063,./IDs/ID179
ID180,c-aligned,15,0.005,4.25,0.063,./IDs/ID180
ID181,c-aligned,15,0.010,1.25,0.063,./IDs/ID181
ID182,c-aligned,15,0.010,1.5,0.063,./IDs/ID182
ID183,c-aligned,15,0.010,1.75,0.063,./IDs/ID183
ID184,c-aligned,15,0.010,2,0.063,./IDs/ID184
ID185,c-aligned,15,0.010,2.25,0.063,./IDs/ID185
ID186,c-aligned,15,0.010,2.375,0.063,./IDs/ID186
ID187,c-aligned,15,0.010,2.5,0.063,./IDs/ID187
ID188,c-aligned,15,0.010,2.75,0.063,./IDs/ID188
ID189,c-aligned,15,0.010,3,0.063,./IDs/ID189
ID190,c-aligned,15,0.010,3.5,0.063,./IDs/ID190
ID191,c-aligned,15,0.010,4,0.063,./IDs/ID191
ID192,c-aligned,15,0.010,4.25,0.063,./IDs/ID192
ID193,c-aligned,15,0.015,1.25,0.063,./IDs/ID193
ID194,c-aligned,15,0.015,1.5,0.063,./IDs/ID194
ID195,c-aligned,15,0.015,1.75,0.063,./IDs/ID195
ID196,c-aligned,15,0.015,2,0.063,./IDs/ID196
ID197,c-aligned,15,0.015,2.25,0.063,./IDs/ID197
ID198,c-aligned,15,0.015,2.375,0.063,./IDs/ID198
ID199,c-aligned,15,0.015,2.5,0.063,./IDs/ID199
ID200,c-aligned,15,0.015,2.75,0.063,./IDs/ID200
ID201,c-aligned,15,0.015,3,0.063,./IDs/ID201
ID202,c-aligned,15,0.015,3.5,0.063,./IDs/ID202
ID203,c-aligned,15,0.015,4,0.063,./IDs/ID203
ID204,c-aligned,15,0.015,4.25,0.063,./IDs/ID204
ID205,c-aligned,15,0.020,1.25,0.063,./IDs/ID205
ID206,c-aligned,15,0.020,1.5,0.063,./IDs/ID206
ID207,c-aligned,15,0.020,1.75,0.063,./IDs/ID207
ID208,c-aligned,15,0.020,2,0.063,./IDs/ID208
ID209,c-aligned,15,0.020,2.25,0.063,./IDs/ID209
ID210,c-aligned,15,0.020,2.375,0.063,./IDs/ID210
ID211,c-aligned,15,0.020,2.5,0.063,./IDs/ID211
ID212,c-aligned,15,0.020,2.75,0.063,./IDs/ID212
ID213,c-aligned,15,0.020,3,0.063,./IDs/ID213
ID214,c-aligned,15,0.020,3.5,0.063,./IDs/ID214
ID215,c-aligned,15,0.020,4,0.063,./IDs/ID215
ID216,c-aligned,15,0.020,4.25,0.063,./IDs/ID216
ID217,c-aligned,15,0.025,1.25,0.063,./IDs/ID217
ID218,c-aligned,15,0.025,1.5,0.063,./IDs/ID218
ID219,c-aligned,15,0.025,1.75,0.063,./IDs/ID219
ID220,c-aligned,15,0.025,2,0.063,./IDs/ID220
ID221,c-aligned,15,0.025,2.25,0.063,./IDs/ID221
ID222,c-aligned,15,0.025,2.375,0.063,./IDs/ID222
ID223,c-aligned,15,0.025,2.5,0.063,./IDs/ID223
ID224,c-aligned,15,0.025,2.75,0.063,./IDs/ID224
ID225,c-aligned,15,0.025,3,0.063,./IDs/ID225
ID226,c-aligned,15,0.025,3.5,0.063,./IDs/ID226
ID227,c-aligned,15,0.025,4,0.063,./IDs/ID227
ID228,c-aligned,15,0.025,4.25,0.063,./IDs/ID228
ID229,c-aligned,15,0.030,1.25,0.063,./IDs/ID229
ID230,c-aligned,15,0.030,1.5,0.063,./IDs/ID230
ID231,c-aligned,15,0.030,1.75,0.063,./IDs/ID231
ID232,c-aligned,15,0.030,2,0.063,./IDs/ID232
ID233,c-aligned,15,0.030,2.25,0.063,./IDs/ID233
ID234,c-aligned,15,0.030,2.375,0.063,./IDs/ID234
ID235,c-aligned,15,0.030,2.5,0.063,./IDs/ID235
ID236,c-aligned,15,0.030,2.75,0.063,./IDs/ID236
ID237,c-aligned,15,0.030,3,0.063,./IDs/ID237
ID238,c-aligned,15,0.030,3.5,0.063,./IDs/ID238
ID239,c-aligned,15,0.030,4,0.063,./IDs/ID239
ID240,c-aligned,15,0.030,4.25,0.063,./IDs/ID240
ID241,c-aligned,15,0.035,1.25,0.063,./IDs/ID241
ID242,c-aligned,15,0.035,1.5,0.063,./IDs/ID242
ID243,c-aligned,15,0.035,1.75,0.063,./IDs/ID243
ID244,c-aligned,15,0.035,2,0.063,./IDs/ID244
ID245,c-aligned,15,0.035,2.25,0.063,./IDs/ID245
ID246,c-aligned,15,0.035,2.375,0.063,./IDs/ID246
ID247,c-aligned,15,0.035,2.5,0.063,./IDs/ID247
ID248,c-aligned,15,0.035,2.75,0.063,./IDs/ID248
ID249,c-aligned,15,0.035,3,0.063,./IDs/ID249
ID250,c-aligned,15,0.035,3.5,0.063,./IDs/ID250
ID251,c-aligned,15,0.035,4,0.063,./IDs/ID251
ID252,c-aligned,15,0.035,4.25,0.063,./IDs/ID252
ID253,d-rectangle,14,0.005,1.25,0.063,./IDs/ID253
ID254,d-rectangle,14,0.005,1.5,0.063,./IDs/ID254
ID255,d-rectangle,14,0.005,1.75,0.063,./IDs/ID255
ID256,d-rectangle,14,0.005,2,0.063,./IDs/ID256
ID257,d-rectangle,14,0.005,2.25,0.063,./IDs/ID257
ID258,d-rectangle,14,0.005,2.375,0.063,./IDs/ID258
ID259,d-rectangle,14,0.005,2.5,0.063,./IDs/ID259
ID260,d-rectangle,14,0.005,2.75,0.063,./IDs/ID260
ID261,d-rectangle,14,0.005,3,0.063,./IDs/ID261
ID262,d-rectangle,14,0.005,3.5,0.063,./IDs/ID262
ID263,d-rectangle,14,0.005,4,0.063,./IDs/ID263
ID264,d-rectangle,14,0.005,4.25,0.063,./IDs/ID264
ID265,d-rectangle,14,0.010,1.25,0.063,./IDs/ID265
ID266,d-rectangle,14,0.010,1.5,0.063,./IDs/ID266
ID267,d-rectangle,14,0.010,1.75,0.063,./IDs/ID267
ID268,d-rectangle,14,0.010,2,0.063,./IDs/ID268
ID269,d-rectangle,14,0.010,2.25,0.063,./IDs/ID269
ID270,d-rectangle,14,0.010,2.375,0.063,./IDs/ID270
ID271,d-rectangle,14,0.010,2.5,0.063,./IDs/ID271
ID272,d-rectangle,14,0.010,2.75,0.063,./IDs/ID272
ID273,d-rectangle,14,0.010,3,0.063,./IDs/ID273
ID274,d-rectangle,14,0.010,3.5,0.063,./IDs/ID274
ID275,d-rectangle,14,0.010,4,0.063,./IDs/ID275
ID276,d-rectangle,14,0.010,4.25,0.063,./IDs/ID276
ID277,d-rectangle,14,0.015,1.25,0.063,./IDs/ID277
ID278,d-rectangle,14,0.015,1.5,0.063,./IDs/ID278
ID279,d-rectangle,14,0.015,1.75,0.063,./IDs/ID279
ID280,d-rectangle,14,0.015,2,0.063,./IDs/ID280
ID281,d-rectangle,14,0.015,2.25,0.063,./IDs/ID281
ID282,d-rectangle,14,0.015,2.375,0.063,./IDs/ID282
ID283,d-rectangle,14,0.015,2.5,0.063,./IDs/ID283
ID284,d-rectangle,14,0.015,2.75,0.063,./IDs/ID284
ID285,d-rectangle,14,0.015,3,0.063,./IDs/ID285
ID286,d-rectangle,14,0.015,3.5,0.063,./IDs/ID286
ID287,d-rectangle,14,0.015,4,0.063,./IDs/ID287
ID288,d-rectangle,14,0.015,4.25,0.063,./IDs/ID288
ID289,d-rectangle,14,0.020,1.25,0.063,./IDs/ID289
ID290,d-rectangle,14,0.020,1.5,0.063,./IDs/ID290
ID291,d-rectangle,14,0.020,1.75,0.063,./IDs/ID291
ID292,d-rectangle,14,0.020,2,0.063,./IDs/ID292
ID293,d-rectangle,14,0.020,2.25,0.063,./IDs/ID293
ID294,d-rectangle,14,0.020,2.375,0.063,./IDs/ID294
ID295,d-rectangle,14,0.020,2.5,0.063,./IDs/ID295
ID296,d-rectangle,14,0.020,2.75,0.063,./IDs/ID296
ID297,d-rectangle,14,0.020,3,0.063,./IDs/ID297
ID298,d-rectangle,14,0.020,3.5,0.063,./IDs/ID298
ID299,d-rectangle,14,0.020,4,0.063,./IDs/ID299
ID300,d-rectangle,14,0.020,4.25,0.063,./IDs/ID300
ID301,d-rectangle,14,0.025,1.25,0.063,./IDs/ID301
ID302,d-rectangle,14,0.025,1.5,0.063,./IDs/ID302
ID303,d-rectangle,14,0.025,1.75,0.063,./IDs/ID303
ID304,d-rectangle,14,0.025,2,0.063,./IDs/ID304
ID305,d-rectangle,14,0.025,2.25,0.063,./IDs/ID305
ID306,d-rectangle,14,0.025,2.375,0.063,./IDs/ID306
ID307,d-rectangle,14,0.025,2.5,0.063,./IDs/ID307
ID308,d-rectangle,14,0.025,2.75,0.063,./IDs/ID308
ID309,d-rectangle,14,0.025,3,0.063,./IDs/ID309
ID310,d-rectangle,14,0.025,3.5,0.063,./IDs/ID310
ID311,d-rectangle,14,0.025,4,0.063,./IDs/ID311
ID312,d-rectangle,14,0.025,4.25,0.063,./IDs/ID312
ID313,d-rectangle,14,0.030,1.25,0.063,./IDs/ID313
ID314,d-rectangle,14,0.030,1.5,0.063,./IDs/ID314
ID315,d-rectangle,14,0.030,1.75,0.063,./IDs/ID315
ID316,d-rectangle,14,0.030,2,0.063,./IDs/ID316
ID317,d-rectangle,14,0.030,2.25,0.063,./IDs/ID317
ID318,d-rectangle,14,0.030,2.375,0.063,./IDs/ID318
ID319,d-rectangle,14,0.030,2.5,0.063,./IDs/ID319
ID320,d-rectangle,14,0.030,2.75,0.063,./IDs/ID320
ID321,d-rectangle,14,0.030,3,0.063,./IDs/ID321
ID322,d-rectangle,14,0.030,3.5,0.063,./IDs/ID322
ID323,d-rectangle,14,0.030,4,0.063,./IDs/ID323
ID324,d-rectangle,14,0.030,4.25,0.063,./IDs/ID324
ID325,d-rectangle,14,0.035,1.25,0.063,./IDs/ID325
ID326,d-rectangle,14,0.035,1.5,0.063,./IDs/ID326
ID327,d-rectangle,14,0.035,1.75,0.063,./IDs/ID327
ID328,d-rectangle,14,0.035,2,0.063,./IDs/ID328
ID329,d-rectangle,14,0.035,2.25,0.063,./IDs/ID329
ID330,d-rectangle,14,0.035,2.375,0.063,./IDs/ID330
ID331,d-rectangle,14,0.035,2.5,0.063,./IDs/ID331
ID332,d-rectangle,14,0.035,2.75,0.063,./IDs/ID332
ID333,d-rectangle,14,0.035,3,0.063,./IDs/ID333
ID334,d-rectangle,14,0.035,3.5,0.063,./IDs/ID334
ID335,d-rectangle,14,0.035,4,0.063,./IDs/ID335
ID336,d-rectangle,14,0.035,4.25,0.063,./IDs/ID336
ID337,a-line,5,0.005,1.25,0.04,./IDs/ID337
ID338,a-line,5,0.005,1.5,0.04,./IDs/ID338
ID339,a-line,5,0.005,1.75,0.04,./IDs/ID339
ID340,a-line,5,0.005,2,0.04,./IDs/ID340
ID341,a-line,5,0.005,2.25,0.04,./IDs/ID341
ID342,a-line,5,0.005,2.375,0.04,./IDs/ID342
ID343,a-line,5,0.005,2.5,0.04,./IDs/ID343
ID344,a-line,5,0.005,2.75,0.04,./IDs/ID344
ID345,a-line,5,0.005,3,0.04,./IDs/ID345
ID346,a-line,5,0.005,3.5,0.04,./IDs/ID346
ID347,a-line,5,0.005,4,0.04,./IDs/ID347
ID348,a-line,5,0.005,4.25,0.04,./IDs/ID348
ID349,a-line,5,0.010,1.25,0.04,./IDs/ID349
ID350,a-line,5,0.010,1.5,0.04,./IDs/ID350
ID351,a-line,5,0.010,1.75,0.04,./IDs/ID351
ID352,a-line,5,0.010,2,0.04,./IDs/ID352
ID353,a-line,5,0.010,2.25,0.04,./IDs/ID353
ID354,a-line,5,0.010,2.375,0.04,./IDs/ID354
ID355,a-line,5,0.010,2.5,0.04,./IDs/ID355
ID356,a-line,5,0.010,2.75,0.04,./IDs/ID356
ID357,a-line,5,0.010,3,0.04,./IDs/ID357
ID358,a-line,5,0.010,3.5,0.04,./IDs/ID358
ID359,a-line,5,0.010,4,0.04,./IDs/ID359
ID360,a-line,5,0.010,4.25,0.04,./IDs/ID360
ID361,a-line,5,0.015,1.25,0.04,./IDs/ID361
ID362,a-line,5,0.015,1.5,0.04,./IDs/ID362
ID363,a-line,5,0.015,1.75,0.04,./IDs/ID363
ID364,a-line,5,0.015,2,0.04,./IDs/ID364
ID365,a-line,5,0.015,2.25,0.04,./IDs/ID365
ID366,a-line,5,0.015,2.375,0.04,./IDs/ID366
ID367,a-line,5,0.015,2.5,0.04,./IDs/ID367
ID368,a-line,5,0.015,2.75,0.04,./IDs/ID368
ID369,a-line,5,0.015,3,0.04,./IDs/ID369
ID370,a-line,5,0.015,3.5,0.04,./IDs/ID370
ID371,a-line,5,0.015,4,0.04,./IDs/ID371
ID372,a-line,5,0.015,4.25,0.04,./IDs/ID372
ID373,a-line,5,0.020,1.25,0.04,./IDs/ID373
ID374,a-line,5,0.020,1.5,0.04,./IDs/ID374
ID375,a-line,5,0.020,1.75,0.04,./IDs/ID375
ID376,a-line,5,0.020,2,0.04,./IDs/ID376
ID377,a-line,5,0.020,2.25,0.04,./IDs/ID377
ID378,a-line,5,0.020,2.375,0.04,./IDs/ID378
ID379,a-line,5,0.020,2.5,0.04,./IDs/ID379
ID380,a-line,5,0.020,2.75,0.04,./IDs/ID380
ID381,a-line,5,0.020,3,0.04,./IDs/ID381
ID382,a-line,5,0.020,3.5,0.04,./IDs/ID382
ID383,a-line,5,0.020,4,0.04,./IDs/ID383
ID384,a-line,5,0.020,4.25,0.04,./IDs/ID384
ID385,a-line,5,0.025,1.25,0.04,./IDs/ID385
ID386,a-line,5,0.025,1.5,0.04,./IDs/ID386
ID387,a-line,5,0.025,1.75,0.04,./IDs/ID387
ID388,a-line,5,0.025,2,0.04,./IDs/ID388
ID389,a-line,5,0.025,2.25,0.04,./IDs/ID389
ID390,a-line,5,0.025,2.375,0.04,./IDs/ID390
ID391,a-line,5,0.025,2.5,0.04,./IDs/ID391
ID392,a-line,5,0.025,2.75,0.04,./IDs/ID392
ID393,a-line,5,0.025,3,0.04,./IDs/ID393
ID394,a-line,5,0.025,3.5,0.04,./IDs/ID394
ID395,a-line,5,0.025,4,0.04,./IDs/ID395
ID396,a-line,5,0.025,4.25,0.04,./IDs/ID396
ID397,a-line,5,0.030,1.25,0.04,./IDs/ID397
ID398,a-line,5,0.030,1.5,0.04,./IDs/ID398
ID399,a-line,5,0.030,1.75,0.04,./IDs/ID399
ID400,a-line,5,0.030,2,0.04,./IDs/ID400
ID401,a-line,5,0.030,2.25,0.04,./IDs/ID401
ID402,a-line,5,0.030,2.375,0.04,./IDs/ID402
ID403,a-line,5,0.030,2.5,0.04,./IDs/ID403
ID404,a-line,5,0.030,2.75,0.04,./IDs/ID404
ID405,a-line,5,0.030,3,0.04,./IDs/ID405
ID406,a-line,5,0.030,3.5,0.04,./IDs/ID406
ID407,a-line,5,0.030,4,0.04,./IDs/ID407
ID408,a-line,5,0.030,4.25,0.04,./IDs/ID408
ID409,a-line,5,0.035,1.25,0.04,./IDs/ID409
ID410,a-line,5,0.035,1.5,0.04,./IDs/ID410
ID411,a-line,5,0.035,1.75,0.04,./IDs/ID411
ID412,a-line,5,0.035,2,0.04,./IDs/ID412
ID413,a-line,5,0.035,2.25,0.04,./IDs/ID413
ID414,a-line,5,0.035,2.375,0.04,./IDs/ID414
ID415,a-line,5,0.035,2.5,0.04,./IDs/ID415
ID416,a-line,5,0.035,2.75,0.04,./IDs/ID416
ID417,a-line,5,0.035,3,0.04,./IDs/ID417
ID418,a-line,5,0.035,3.5,0.04,./IDs/ID418
ID419,a-line,5,0.035,4,0.04,./IDs/ID419
ID420,a-line,5,0.035,4.25,0.04,./IDs/ID420
ID421,b-staggered,14,0.005,1.25,0.04,./IDs/ID421
ID422,b-staggered,14,0.005,1.5,0.04,./IDs/ID422
ID423,b-staggered,14,0.005,1.75,0.04,./IDs/ID423
ID424,b-staggered,14,0.005,2,0.04,./IDs/ID424
ID425,b-staggered,14,0.005,2.25,0.04,./IDs/ID425
ID426,b-staggered,14,0.005,2.375,0.04,./IDs/ID426
ID427,b-staggered,14,0.005,2.5,0.04,./IDs/ID427
ID428,b-staggered,14,0.005,2.75,0.04,./IDs/ID428
ID429,b-staggered,14,0.005,3,0.04,./IDs/ID429
ID430,b-staggered,14,0.005,3.5,0.04,./IDs/ID430
ID431,b-staggered,14,0.005,4,0.04,./IDs/ID431
ID432,b-staggered,14,0.005,4.25,0.04,./IDs/ID432
ID433,b-staggered,14,0.010,1.25,0.04,./IDs/ID433
ID434,b-staggered,14,0.010,1.5,0.04,./IDs/ID434
ID435,b-staggered,14,0.010,1.75,0.04,./IDs/ID435
ID436,b-staggered,14,0.010,2,0.04,./IDs/ID436
ID437,b-staggered,14,0.010,2.25,0.04,./IDs/ID437
ID438,b-staggered,14,0.010,2.375,0.04,./IDs/ID438
ID439,b-staggered,14,0.010,2.5,0.04,./IDs/ID439
ID440,b-staggered,14,0.010,2.75,0.04,./IDs/ID440
ID441,b-staggered,14,0.010,3,0.04,./IDs/ID441
ID442,b-staggered,14,0.010,3.5,0.04,./IDs/ID442
ID443,b-staggered,14,0.010,4,0.04,./IDs/ID443
ID444,b-staggered,14,0.010,4.25,0.04,./IDs/ID444
ID445,b-staggered,14,0.015,1.25,0.04,./IDs/ID445
ID446,b-staggered,14,0.015,1.5,0.04,./IDs/ID446
ID447,b-staggered,14,0.015,1.75,0.04,./IDs/ID447
ID448,b-staggered,14,0.015,2,0.04,./IDs/ID448
ID449,b-staggered,14,0.015,2.25,0.04,./IDs/ID449
ID450,b-staggered,14,0.015,2.375,0.04,./IDs/ID450
ID451,b-staggered,14,0.015,2.5,0.04,./IDs/ID451
ID452,b-staggered,14,0.015,2.75,0.04,./IDs/ID452
ID453,b-staggered,14,0.015,3,0.04,./IDs/ID453
ID454,b-staggered,14,0.015,3.5,0.04,./IDs/ID454
ID455,b-staggered,14,0.015,4,0.04,./IDs/ID455
ID456,b-staggered,14,0.015,4.25,0.04,./IDs/ID456
ID457,b-staggered,14,0.020,1.25,0.04,./IDs/ID457
ID458,b-staggered,14,0.020,1.5,0.04,./IDs/ID458
ID459,b-staggered,14,0.020,1.75,0.04,./IDs/ID459
ID460,b-staggered,14,0.020,2,0.04,./IDs/ID460
ID461,b-staggered,14,0.020,2.25,0.04,./IDs/ID461
ID462,b-staggered,14,0.020,2.375,0.04,./IDs/ID462
ID463,b-staggered,14,0.020,2.5,0.04,./IDs/ID463
ID464,b-staggered,14,0.020,2.75,0.04,./IDs/ID464
ID465,b-staggered,14,0.020,3,0.04,./IDs/ID465
ID466,b-staggered,14,0.020,3.5,0.04,./IDs/ID466
ID467,b-staggered,14,0.020,4,0.04,./IDs/ID467
ID468,b-staggered,14,0.020,4.25,0.04,./IDs/ID468
ID469,b-staggered,14,0.025,1.25,0.04,./IDs/ID469
ID470,b-staggered,14,0.025,1.5,0.04,./IDs/ID470
ID471,b-staggered,14,0.025,1.75,0.04,./IDs/ID471
ID472,b-staggered,14,0.025,2,0.04,./IDs/ID472
ID473,b-staggered,14,0.025,2.25,0.04,./IDs/ID473
ID474,b-staggered,14,0.025,2.375,0.04,./IDs/ID474
ID475,b-staggered,14,0.025,2.5,0.04,./IDs/ID475
ID476,b-staggered,14,0.025,2.75,0.04,./IDs/ID476
ID477,b-staggered,14,0.025,3,0.04,./IDs/ID477
ID478,b-staggered,14,0.025,3.5,0.04,./IDs/ID478
ID479,b-staggered,14,0.025,4,0.04,./IDs/ID479
ID480,b-staggered,14,0.025,4.25,0.04,./IDs/ID480
ID481,b-staggered,14,0.030,1.25,0.04,./IDs/ID481
ID482,b-staggered,14,0.030,1.5,0.04,./IDs/ID482
ID483,b-staggered,14,0.030,1.75,0.04,./IDs/ID483
ID484,b-staggered,14,0.030,2,0.04,./IDs/ID484
ID485,b-staggered,14,0.030,2.25,0.04,./IDs/ID485
ID486,b-staggered,14,0.030,2.375,0.04,./IDs/ID486
ID487,b-staggered,14,0.030,2.5,0.04,./IDs/ID487
ID488,b-staggered,14,0.030,2.75,0.04,./IDs/ID488
ID489,b-staggered,14,0.030,3,0.04,./IDs/ID489
ID490,b-staggered,14,0.030,3.5,0.04,./IDs/ID490
ID491,b-staggered,14,0.030,4,0.04,./IDs/ID491
ID492,b-staggered,14,0.030,4.25,0.04,./IDs/ID492
ID493,b-staggered,14,0.035,1.25,0.04,./IDs/ID493
ID494,b-staggered,14,0.035,1.5,0.04,./IDs/ID494
ID495,b-staggered,14,0.035,1.75,0.04,./IDs/ID495
ID496,b-staggered,14,0.035,2,0.04,./IDs/ID496
ID497,b-staggered,14,0.035,2.25,0.04,./IDs/ID497
ID498,b-staggered,14,0.035,2.375,0.04,./IDs/ID498
ID499,b-staggered,14,0.035,2.5,0.04,./IDs/ID499
ID500,b-staggered,14,0.035,2.75,0.04,./IDs/ID500
ID501,b-staggered,14,0.035,3,0.04,./IDs/ID501
ID502,b-staggered,14,0.035,3.5,0.04,./IDs/ID502
ID503,b-staggered,14,0.035,4,0.04,./IDs/ID503
ID504,b-staggered,14,0.035,4.25,0.04,./IDs/ID504
ID505,c-aligned,15,0.005,1.25,0.04,./IDs/ID505
ID506,c-aligned,15,0.005,1.5,0.04,./IDs/ID506
ID507,c-aligned,15,0.005,1.75,0.04,./IDs/ID507
ID508,c-aligned,15,0.005,2,0.04,./IDs/ID508
ID509,c-aligned,15,0.005,2.25,0.04,./IDs/ID509
ID510,c-aligned,15,0.005,2.375,0.04,./IDs/ID510
ID511,c-aligned,15,0.005,2.5,0.04,./IDs/ID511
ID512,c-aligned,15,0.005,2.75,0.04,./IDs/ID512
ID513,c-aligned,15,0.005,3,0.04,./IDs/ID513
ID514,c-aligned,15,0.005,3.5,0.04,./IDs/ID514
ID515,c-aligned,15,0.005,4,0.04,./IDs/ID515
ID516,c-aligned,15,0.005,4.25,0.04,./IDs/ID516
ID517,c-aligned,15,0.010,1.25,0.04,./IDs/ID517
ID518,c-aligned,15,0.010,1.5,0.04,./IDs/ID518
ID519,c-aligned,15,0.010,1.75,0.04,./IDs/ID519
ID520,c-aligned,15,0.010,2,0.04,./IDs/ID520
ID521,c-aligned,15,0.010,2.25,0.04,./IDs/ID521
ID522,c-aligned,15,0.010,2.375,0.04,./IDs/ID522
ID523,c-aligned,15,0.010,2.5,0.04,./IDs/ID523
ID524,c-aligned,15,0.010,2.75,0.04,./IDs/ID524
ID525,c-aligned,15,0.010,3,0.04,./IDs/ID525
ID526,c-aligned,15,0.010,3.5,0.04,./IDs/ID526
ID527,c-aligned,15,0.010,4,0.04,./IDs/ID527
ID528,c-aligned,15,0.010,4.25,0.04,./IDs/ID528
ID529,c-aligned,15,0.015,1.25,0.04,./IDs/ID529
ID530,c-aligned,15,0.015,1.5,0.04,./IDs/ID530
ID531,c-aligned,15,0.015,1.75,0.04,./IDs/ID531
ID532,c-aligned,15,0.015,2,0.04,./IDs/ID532
ID533,c-aligned,15,0.015,2.25,0.04,./IDs/ID533
ID534,c-aligned,15,0.015,2.375,0.04,./IDs/ID534
ID535,c-aligned,15,0.015,2.5,0.04,./IDs/ID535
ID536,c-aligned,15,0.015,2.75,0.04,./IDs/ID536
ID537,c-aligned,15,0.015,3,0.04,./IDs/ID537
ID538,c-aligned,15,0.015,3.5,0.04,./IDs/ID538
ID539,c-aligned,15,0.015,4,0.04,./IDs/ID539
ID540,c-aligned,15,0.015,4.25,0.04,./IDs/ID540
ID541,c-aligned,15,0.020,1.25,0.04,./IDs/ID541
ID542,c-aligned,15,0.020,1.5,0.04,./IDs/ID542
ID543,c-aligned,15,0.020,1.75,0.04,./IDs/ID543
ID544,c-aligned,15,0.020,2,0.04,./IDs/ID544
ID545,c-aligned,15,0.020,2.25,0.04,./IDs/ID545
ID546,c-aligned,15,0.020,2.375,0.04,./IDs/ID546
ID547,c-aligned,15,0.020,2.5,0.04,./IDs/ID547
ID548,c-aligned,15,0.020,2.75,0.04,./IDs/ID548
ID549,c-aligned,15,0.020,3,0.04,./IDs/ID549
ID550,c-aligned,15,0.020,3.5,0.04,./IDs/ID550
ID551,c-aligned,15,0.020,4,0.04,./IDs/ID551
ID552,c-aligned,15,0.020,4.25,0.04,./IDs/ID552
ID553,c-aligned,15,0.025,1.25,0.04,./IDs/ID553
ID554,c-aligned,15,0.025,1.5,0.04,./IDs/ID554
ID555,c-aligned,15,0.025,1.75,0.04,./IDs/ID555
ID556,c-aligned,15,0.025,2,0.04,./IDs/ID556
ID557,c-aligned,15,0.025,2.25,0.04,./IDs/ID557
ID558,c-aligned,15,0.025,2.375,0.04,./IDs/ID558
ID559,c-aligned,15,0.025,2.5,0.04,./IDs/ID559
ID560,c-aligned,15,0.025,2.75,0.04,./IDs/ID560
ID561,c-aligned,15,0.025,3,0.04,./IDs/ID561
ID562,c-aligned,15,0.025,3.5,0.04,./IDs/ID562
ID563,c-aligned,15,0.025,4,0.04,./IDs/ID563
ID564,c-aligned,15,0.025,4.25,0.04,./IDs/ID564
ID565,c-aligned,15,0.030,1.25,0.04,./IDs/ID565
ID566,c-aligned,15,0.030,1.5,0.04,./IDs/ID566
ID567,c-aligned,15,0.030,1.75,0.04,./IDs/ID567
ID568,c-aligned,15,0.030,2,0.04,./IDs/ID568
ID569,c-aligned,15,0.030,2.25,0.04,./IDs/ID569
ID570,c-aligned,15,0.030,2.375,0.04,./IDs/ID570
ID571,c-aligned,15,0.030,2.5,0.04,./IDs/ID571
ID572,c-aligned,15,0.030,2.75,0.04,./IDs/ID572
ID573,c-aligned,15,0.030,3,0.04,./IDs/ID573
ID574,c-aligned,15,0.030,3.5,0.04,./IDs/ID574
ID575,c-aligned,15,0.030,4,0.04,./IDs/ID575
ID576,c-aligned,15,0.030,4.25,0.04,./IDs/ID576
ID577,c-aligned,15,0.035,1.25,0.04,./IDs/ID577
ID578,c-aligned,15,0.035,1.5,0.04,./IDs/ID578
ID579,c-aligned,15,0.035,1.75,0.04,./IDs/ID579
ID580,c-aligned,15,0.035,2,0.04,./IDs/ID580
ID581,c-aligned,15,0.035,2.25,0.04,./IDs/ID581
ID582,c-aligned,15,0.035,2.375,0.04,./IDs/ID582
ID583,c-aligned,15,0.035,2.5,0.04,./IDs/ID583
ID584,c-aligned,15,0.035,2.75,0.04,./IDs/ID584
ID585,c-aligned,15,0.035,3,0.04,./IDs/ID585
ID586,c-aligned,15,0.035,3.5,0.04,./IDs/ID586
ID587,c-aligned,15,0.035,4,0.04,./IDs/ID587
ID588,c-aligned,15,0.035,4.25,0.04,./IDs/ID588
ID589,d-rectangle,14,0.005,1.25,0.04,./IDs/ID589
ID590,d-rectangle,14,0.005,1.5,0.04,./IDs/ID590
ID591,d-rectangle,14,0.005,1.75,0.04,./IDs/ID591
ID592,d-rectangle,14,0.005,2,0.04,./IDs/ID592
ID593,d-rectangle,14,0.005,2.25,0.04,./IDs/ID593
ID594,d-rectangle,14,0.005,2.375,0.04,./IDs/ID594
ID595,d-rectangle,14,0.005,2.5,0.04,./IDs/ID595
ID596,d-rectangle,14,0.005,2.75,0.04,./IDs/ID596
ID597,d-rectangle,14,0.005,3,0.04,./IDs/ID597
ID598,d-rectangle,14,0.005,3.5,0.04,./IDs/ID598
ID599,d-rectangle,14,0.005,4,0.04,./IDs/ID599
ID600,d-rectangle,14,0.005,4.25,0.04,./IDs/ID600
ID601,d-rectangle,14,0.010,1.25,0.04,./IDs/ID601
ID602,d-rectangle,14,0.010,1.5,0.04,./IDs/ID602
ID603,d-rectangle,14,0.010,1.75,0.04,./IDs/ID603
ID604,d-rectangle,14,0.010,2,0.04,./IDs/ID604
ID605,d-rectangle,14,0.010,2.25,0.04,./IDs/ID605
ID606,d-rectangle,14,0.010,2.375,0.04,./IDs/ID606
ID607,d-rectangle,14,0.010,2.5,0.04,./IDs/ID607
ID608,d-rectangle,14,0.010,2.75,0.04,./IDs/ID608
ID609,d-rectangle,14,0.010,3,0.04,./IDs/ID609
ID610,d-rectangle,14,0.010,3.5,0.04,./IDs/ID610
ID611,d-rectangle,14,0.010,4,0.04,./IDs/ID611
ID612,d-rectangle,14,0.010,4.25,0.04,./IDs/ID612
ID613,d-rectangle,14,0.015,1.25,0.04,./IDs/ID613
ID614,d-rectangle,14,0.015,1.5,0.04,./IDs/ID614
ID615,d-rectangle,14,0.015,1.75,0.04,./IDs/ID615
ID616,d-rectangle,14,0.015,2,0.04,./IDs/ID616
ID617,d-rectangle,14,0.015,2.25,0.04,./IDs/ID617
ID618,d-rectangle,14,0.015,2.375,0.04,./IDs/ID618
ID619,d-rectangle,14,0.015,2.5,0.04,./IDs/ID619
ID620,d-rectangle,14,0.015,2.75,0.04,./IDs/ID620
ID621,d-rectangle,14,0.015,3,0.04,./IDs/ID621
ID622,d-rectangle,14,0.015,3.5,0.04,./IDs/ID622
ID623,d-rectangle,14,0.015,4,0.04,./IDs/ID623
ID624,d-rectangle,14,0.015,4.25,0.04,./IDs/ID624
ID625,d-rectangle,14,0.020,1.25,0.04,./IDs/ID625
ID626,d-rectangle,14,0.020,1.5,0.04,./IDs/ID626
ID627,d-rectangle,14,0.020,1.75,0.04,./IDs/ID627
ID628,d-rectangle,14,0.020,2,0.04,./IDs/ID628
ID629,d-rectangle,14,0.020,2.25,0.04,./IDs/ID629
ID630,d-rectangle,14,0.020,2.375,0.04,./IDs/ID630
ID631,d-rectangle,14,0.020,2.5,0.04,./IDs/ID631
ID632,d-rectangle,14,0.020,2.75,0.04,./IDs/ID632
ID633,d-rectangle,14,0.020,3,0.04,./IDs/ID633
ID634,d-rectangle,14,0.020,3.5,0.04,./IDs/ID634
ID635,d-rectangle,14,0.020,4,0.04,./IDs/ID635
ID636,d-rectangle,14,0.020,4.25,0.04,./IDs/ID636
ID637,d-rectangle,14,0.025,1.25,0.04,./IDs/ID637
ID638,d-rectangle,14,0.025,1.5,0.04,./IDs/ID638
ID639,d-rectangle,14,0.025,1.75,0.04,./IDs/ID639
ID640,d-rectangle,14,0.025,2,0.04,./IDs/ID640
ID641,d-rectangle,14,0.025,2.25,0.04,./IDs/ID641
ID642,d-rectangle,14,0.025,2.375,0.04,./IDs/ID642
ID643,d-rectangle,14,0.025,2.5,0.04,./IDs/ID643
ID644,d-rectangle,14,0.025,2.75,0.04,./IDs/ID644
ID645,d-rectangle,14,0.025,3,0.04,./IDs/ID645
ID646,d-rectangle,14,0.025,3.5,0.04,./IDs/ID646
ID647,d-rectangle,14,0.025,4,0.04,./IDs/ID647
ID648,d-rectangle,14,0.025,4.25,0.04,./IDs/ID648
ID649,d-rectangle,14,0.030,1.25,0.04,./IDs/ID649
ID650,d-rectangle,14,0.030,1.5,0.04,./IDs/ID650
ID651,d-rectangle,14,0.030,1.75,0.04,./IDs/ID651
ID652,d-rectangle,14,0.030,2,0.04,./IDs/ID652
ID653,d-rectangle,14,0.030,2.25,0.04,./IDs/ID653
ID654,d-rectangle,14,0.030,2.375,0.04,./IDs/ID654
ID655,d-rectangle,14,0.030,2.5,0.04,./IDs/ID655
ID656,d-rectangle,14,0.030,2.75,0.04,./IDs/ID656
ID657,d-rectangle,14,0.030,3,0.04,./IDs/ID657
ID658,d-rectangle,14,0.030,3.5,0.04,./IDs/ID658
ID659,d-rectangle,14,0.030,4,0.04,./IDs/ID659
ID660,d-rectangle,14,0.030,4.25,0.04,./IDs/ID660
ID661,d-rectangle,14,0.035,1.25,0.04,./IDs/ID661
ID662,d-rectangle,14,0.035,1.5,0.04,./IDs/ID662
ID663,d-rectangle,14,0.035,1.75,0.04,./IDs/ID663
ID664,d-rectangle,14,0.035,2,0.04,./IDs/ID664
ID665,d-rectangle,14,0.035,2.25,0.04,./IDs/ID665
ID666,d-rectangle,14,0.035,2.375,0.04,./IDs/ID666
ID667,d-rectangle,14,0.035,2.5,0.04,./IDs/ID667
ID668,d-rectangle,14,0.035,2.75,0.04,./IDs/ID668
ID669,d-rectangle,14,0.035,3,0.04,./IDs/ID669
ID670,d-rectangle,14,0.035,3.5,0.04,./IDs/ID670
ID671,d-rectangle,14,0.035,4,0.04,./IDs/ID671
ID672,d-rectangle,14,0.035,4.25,0.04,./IDs/ID672
ID673,a-line,5,0.005,1.25,0.08,./IDs/ID673
ID674,a-line,5,0.005,1.5,0.08,./IDs/ID674
ID675,a-line,5,0.005,1.75,0.08,./IDs/ID675
ID676,a-line,5,0.005,2,0.08,./IDs/ID676
ID677,a-line,5,0.005,2.25,0.08,./IDs/ID677
ID678,a-line,5,0.005,2.375,0.08,./IDs/ID678
ID679,a-line,5,0.005,2.5,0.08,./IDs/ID679
ID680,a-line,5,0.005,2.75,0.08,./IDs/ID680
ID681,a-line,5,0.005,3,0.08,./IDs/ID681
ID682,a-line,5,0.005,3.5,0.08,./IDs/ID682
ID683,a-line,5,0.005,4,0.08,./IDs/ID683
ID684,a-line,5,0.005,4.25,0.08,./IDs/ID684
ID685,a-line,5,0.010,1.25,0.08,./IDs/ID685
ID686,a-line,5,0.010,1.5,0.08,./IDs/ID686
ID687,a-line,5,0.010,1.75,0.08,./IDs/ID687
ID688,a-line,5,0.010,2,0.08,./IDs/ID688
ID689,a-line,5,0.010,2.25,0.08,./IDs/ID689
ID690,a-line,5,0.010,2.375,0.08,./IDs/ID690
ID691,a-line,5,0.010,2.5,0.08,./IDs/ID691
ID692,a-line,5,0.010,2.75,0.08,./IDs/ID692
ID693,a-line,5,0.010,3,0.08,./IDs/ID693
ID694,a-line,5,0.010,3.5,0.08,./IDs/ID694
ID695,a-line,5,0.010,4,0.08,./IDs/ID695
ID696,a-line,5,0.010,4.25,0.08,./IDs/ID696
ID697,a-line,5,0.015,1.25,0.08,./IDs/ID697
ID698,a-line,5,0.015,1.5,0.08,./IDs/ID698
ID699,a-line,5,0.015,1.75,0.08,./IDs/ID699
ID700,a-line,5,0.015,2,0.08,./IDs/ID700
ID701,a-line,5,0.015,2.25,0.08,./IDs/ID701
ID702,a-line,5,0.015,2.375,0.08,./IDs/ID702
ID703,a-line,5,0.015,2.5,0.08,./IDs/ID703
ID704,a-line,5,0.015,2.75,0.08,./IDs/ID704
ID705,a-line,5,0.015,3,0.08,./IDs/ID705
ID706,a-line,5,0.015,3.5,0.08,./IDs/ID706
ID707,a-line,5,0.015,4,0.08,./IDs/ID707
ID708,a-line,5,0.015,4.25,0.08,./IDs/ID708
ID709,a-line,5,0.020,1.25,0.08,./IDs/ID709
ID710,a-line,5,0.020,1.5,0.08,./IDs/ID710
ID711,a-line,5,0.020,1.75,0.08,./IDs/ID711
ID712,a-line,5,0.020,2,0.08,./IDs/ID712
ID713,a-line,5,0.020,2.25,0.08,./IDs/ID713
ID714,a-line,5,0.020,2.375,0.08,./IDs/ID714
ID715,a-line,5,0.020,2.5,0.08,./IDs/ID715
ID716,a-line,5,0.020,2.75,0.08,./IDs/ID716
ID717,a-line,5,0.020,3,0.08,./IDs/ID717
ID718,a-line,5,0.020,3.5,0.08,./IDs/ID718
ID719,a-line,5,0.020,4,0.08,./IDs/ID719
ID720,a-line,5,0.020,4.25,0.08,./IDs/ID720
ID721,a-line,5,0.025,1.25,0.08,./IDs/ID721
ID722,a-line,5,0.025,1.5,0.08,./IDs/ID722
ID723,a-line,5,0.025,1.75,0.08,./IDs/ID723
ID724,a-line,5,0.025,2,0.08,./IDs/ID724
ID725,a-line,5,0.025,2.25,0.08,./IDs/ID725
ID726,a-line,5,0.025,2.375,0.08,./IDs/ID726
ID727,a-line,5,0.025,2.5,0.08,./IDs/ID727
ID728,a-line,5,0.025,2.75,0.08,./IDs/ID728
ID729,a-line,5,0.025,3,0.08,./IDs/ID729
ID730,a-line,5,0.025,3.5,0.08,./IDs/ID730
ID731,a-line,5,0.025,4,0.08,./IDs/ID731
ID732,a-line,5,0.025,4.25,0.08,./IDs/ID732
ID733,a-line,5,0.030,1.25,0.08,./IDs/ID733
ID734,a-line,5,0.030,1.5,0.08,./IDs/ID734
ID735,a-line,5,0.030,1.75,0.08,./IDs/ID735
ID736,a-line,5,0.030,2,0.08,./IDs/ID736
ID737,a-line,5,0.030,2.25,0.08,./IDs/ID737
ID738,a-line,5,0.030,2.375,0.08,./IDs/ID738
ID739,a-line,5,0.030,2.5,0.08,./IDs/ID739
ID740,a-line,5,0.030,2.75,0.08,./IDs/ID740
ID741,a-line,5,0.030,3,0.08,./IDs/ID741
ID742,a-line,5,0.030,3.5,0.08,./IDs/ID742
ID743,a-line,5,0.030,4,0.08,./IDs/ID743
ID744,a-line,5,0.030,4.25,0.08,./IDs/ID744
ID745,a-line,5,0.035,1.25,0.08,./IDs/ID745
ID746,a-line,5,0.035,1.5,0.08,./IDs/ID746
ID747,a-line,5,0.035,1.75,0.08,./IDs/ID747
ID748,a-line,5,0.035,2,0.08,./IDs/ID748
ID749,a-line,5,0.035,2.25,0.08,./IDs/ID749
ID750,a-line,5,0.035,2.375,0.08,./IDs/ID750
ID751,a-line,5,0.035,2.5,0.08,./IDs/ID751
ID752,a-line,5,0.035,2.75,0.08,./IDs/ID752
ID753,a-line,5,0.035,3,0.08,./IDs/ID753
ID754,a-line,5,0.035,3.5,0.08,./IDs/ID754
ID755,a-line,5,0.035,4,0.08,./IDs/ID755
ID756,a-line,5,0.035,4.25,0.08,./IDs/ID756
ID757,b-staggered,14,0.005,1.25,0.08,./IDs/ID757
ID758,b-staggered,14,0.005,1.5,0.08,./IDs/ID758
ID759,b-staggered,14,0.005,1.75,0.08,./IDs/ID759
ID760,b-staggered,14,0.005,2,0.08,./IDs/ID760
ID761,b-staggered,14,0.005,2.25,0.08,./IDs/ID761
ID762,b-staggered,14,0.005,2.375,0.08,./IDs/ID762
ID763,b-staggered,14,0.005,2.5,0.08,./IDs/ID763
ID764,b-staggered,14,0.005,2.75,0.08,./IDs/ID764
ID765,b-staggered,14,0.005,3,0.08,./IDs/ID765
ID766,b-staggered,14,0.005,3.5,0.08,./IDs/ID766
ID767,b-staggered,14,0.005,4,0.08,./IDs/ID767
ID768,b-staggered,14,0.005,4.25,0.08,./IDs/ID768
ID769,b-staggered,14,0.010,1.25,0.08,./IDs/ID769
ID770,b-staggered,14,0.010,1.5,0.08,./IDs/ID770
ID771,b-staggered,14,0.010,1.75,0.08,./IDs/ID771
ID772,b-staggered,14,0.010,2,0.08,./IDs/ID772
ID773,b-staggered,14,0.010,2.25,0.08,./IDs/ID773
ID774,b-staggered,14,0.010,2.375,0.08,./IDs/ID774
ID775,b-staggered,14,0.010,2.5,0.08,./IDs/ID775
ID776,b-staggered,14,0.010,2.75,0.08,./IDs/ID776
ID777,b-staggered,14,0.010,3,0.08,./IDs/ID777
ID778,b-staggered,14,0.010,3.5,0.08,./IDs/ID778
ID779,b-staggered,14,0.010,4,0.08,./IDs/ID779
ID780,b-staggered,14,0.010,4.25,0.08,./IDs/ID780
ID781,b-staggered,14,0.015,1.25,0.08,./IDs/ID781
ID782,b-staggered,14,0.015,1.5,0.08,./IDs/ID782
ID783,b-staggered,14,0.015,1.75,0.08,./IDs/ID783
ID784,b-staggered,14,0.015,2,0.08,./IDs/ID784
ID785,b-staggered,14,0.015,2.25,0.08,./IDs/ID785
ID786,b-staggered,14,0.015,2.375,0.08,./IDs/ID786
ID787,b-staggered,14,0.015,2.5,0.08,./IDs/ID787
ID788,b-staggered,14,0.015,2.75,0.08,./IDs/ID788
ID789,b-staggered,14,0.015,3,0.08,./IDs/ID789
ID790,b-staggered,14,0.015,3.5,0.08,./IDs/ID790
ID791,b-staggered,14,0.015,4,0.08,./IDs/ID791
ID792,b-staggered,14,0.015,4.25,0.08,./IDs/ID792
ID793,b-staggered,14,0.020,1.25,0.08,./IDs/ID793
ID794,b-staggered,14,0.020,1.5,0.08,./IDs/ID794
ID795,b-staggered,14,0.020,1.75,0.08,./IDs/ID795
ID796,b-staggered,14,0.020,2,0.08,./IDs/ID796
ID797,b-staggered,14,0.020,2.25,0.08,./IDs/ID797
ID798,b-staggered,14,0.020,2.375,0.08,./IDs/ID798
ID799,b-staggered,14,0.020,2.5,0.08,./IDs/ID799
ID800,b-staggered,14,0.020,2.75,0.08,./IDs/ID800
ID801,b-staggered,14,0.020,3,0.08,./IDs/ID801
ID802,b-staggered,14,0.020,3.5,0.08,./IDs/ID802
ID803,b-staggered,14,0.020,4,0.08,./IDs/ID803
ID804,b-staggered,14,0.020,4.25,0.08,./IDs/ID804
ID805,b-staggered,14,0.025,1.25,0.08,./IDs/ID805
ID806,b-staggered,14,0.025,1.5,0.08,./IDs/ID806
ID807,b-staggered,14,0.025,1.75,0.08,./IDs/ID807
ID808,b-staggered,14,0.025,2,0.08,./IDs/ID808
ID809,b-staggered,14,0.025,2.25,0.08,./IDs/ID809
ID810,b-staggered,14,0.025,2.375,0.08,./IDs/ID810
ID811,b-staggered,14,0.025,2.5,0.08,./IDs/ID811
ID812,b-staggered,14,0.025,2.75,0.08,./IDs/ID812
ID813,b-staggered,14,0.025,3,0.08,./IDs/ID813
ID814,b-staggered,14,0.025,3.5,0.08,./IDs/ID814
ID815,b-staggered,14,0.025,4,0.08,./IDs/ID815
ID816,b-staggered,14,0.025,4.25,0.08,./IDs/ID816
ID817,b-staggered,14,0.030,1.25,0.08,./IDs/ID817
ID818,b-staggered,14,0.030,1.5,0.08,./IDs/ID818
ID819,b-staggered,14,0.030,1.75,0.08,./IDs/ID819
ID820,b-staggered,14,0.030,2,0.08,./IDs/ID820
ID821,b-staggered,14,0.030,2.25,0.08,./IDs/ID821
ID822,b-staggered,14,0.030,2.375,0.08,./IDs/ID822
ID823,b-staggered,14,0.030,2.5,0.08,./IDs/ID823
ID824,b-staggered,14,0.030,2.75,0.08,./IDs/ID824
ID825,b-staggered,14,0.030,3,0.08,./IDs/ID825
ID826,b-staggered,14,0.030,3.5,0.08,./IDs/ID826
ID827,b-staggered,14,0.030,4,0.08,./IDs/ID827
ID828,b-staggered,14,0.030,4.25,0.08,./IDs/ID828
ID829,b-staggered,14,0.035,1.25,0.08,./IDs/ID829
ID830,b-staggered,14,0.035,1.5,0.08,./IDs/ID830
ID831,b-staggered,14,0.035,1.75,0.08,./IDs/ID831
ID832,b-staggered,14,0.035,2,0.08,./IDs/ID832
ID833,b-staggered,14,0.035,2.25,0.08,./IDs/ID833
ID834,b-staggered,14,0.035,2.375,0.08,./IDs/ID834
ID835,b-staggered,14,0.035,2.5,0.08,./IDs/ID835
ID836,b-staggered,14,0.035,2.75,0.08,./IDs/ID836
ID837,b-staggered,14,0.035,3,0.08,./IDs/ID837
ID838,b-staggered,14,0.035,3.5,0.08,./IDs/ID838
ID839,b-staggered,14,0.035,4,0.08,./IDs/ID839
ID840,b-staggered,14,0.035,4.25,0.08,./IDs/ID840
ID841,c-aligned,15,0.005,1.25,0.08,./IDs/ID841
ID842,c-aligned,15,0.005,1.5,0.08,./IDs/ID842
ID843,c-aligned,15,0.005,1.75,0.08,./IDs/ID843
ID844,c-aligned,15,0.005,2,0.08,./IDs/ID844
ID845,c-aligned,15,0.005,2.25,0.08,./IDs/ID845
ID846,c-aligned,15,0.005,2.375,0.08,./IDs/ID846
ID847,c-aligned,15,0.005,2.5,0.08,./IDs/ID847
ID848,c-aligned,15,0.005,2.75,0.08,./IDs/ID848
ID849,c-aligned,15,0.005,3,0.08,./IDs/ID849
ID850,c-aligned,15,0.005,3.5,0.08,./IDs/ID850
ID851,c-aligned,15,0.005,4,0.08,./IDs/ID851
ID852,c-aligned,15,0.005,4.25,0.08,./IDs/ID852
ID853,c-aligned,15,0.010,1.25,0.08,./IDs/ID853
ID854,c-aligned,15,0.010,1.5,0.08,./IDs/ID854
ID855,c-aligned,15,0.010,1.75,0.08,./IDs/ID855
ID856,c-aligned,15,0.010,2,0.08,./IDs/ID856
ID857,c-aligned,15,0.010,2.25,0.08,./IDs/ID857
ID858,c-aligned,15,0.010,2.375,0.08,./IDs/ID858
ID859,c-aligned,15,0.010,2.5,0.08,./IDs/ID859
ID860,c-aligned,15,0.010,2.75,0.08,./IDs/ID860
ID861,c-aligned,15,0.010,3,0.08,./IDs/ID861
ID862,c-aligned,15,0.010,3.5,0.08,./IDs/ID862
ID863,c-aligned,15,0.010,4,0.08,./IDs/ID863
ID864,c-aligned,15,0.010,4.25,0.08,./IDs/ID864
ID865,c-aligned,15,0.015,1.25,0.08,./IDs/ID865
ID866,c-aligned,15,0.015,1.5,0.08,./IDs/ID866
ID867,c-aligned,15,0.015,1.75,0.08,./IDs/ID867
ID868,c-aligned,15,0.015,2,0.08,./IDs/ID868
ID869,c-aligned,15,0.015,2.25,0.08,./IDs/ID869
ID870,c-aligned,15,0.015,2.375,0.08,./IDs/ID870
ID871,c-aligned,15,0.015,2.5,0.08,./IDs/ID871
ID872,c-aligned,15,0.015,2.75,0.08,./IDs/ID872
ID873,c-aligned,15,0.015,3,0.08,./IDs/ID873
ID874,c-aligned,15,0.015,3.5,0.08,./IDs/ID874
ID875,c-aligned,15,0.015,4,0.08,./IDs/ID875
ID876,c-aligned,15,0.015,4.25,0.08,./IDs/ID876
ID877,c-aligned,15,0.020,1.25,0.08,./IDs/ID877
ID878,c-aligned,15,0.020,1.5,0.08,./IDs/ID878
ID879,c-aligned,15,0.020,1.75,0.08,./IDs/ID879
ID880,c-aligned,15,0.020,2,0.08,./IDs/ID880
ID881,c-aligned,15,0.020,2.25,0.08,./IDs/ID881
ID882,c-aligned,15,0.020,2.375,0.08,./IDs/ID882
ID883,c-aligned,15,0.020,2.5,0.08,./IDs/ID883
ID884,c-aligned,15,0.020,2.75,0.08,./IDs/ID884
ID885,c-aligned,15,0.020,3,0.08,./IDs/ID885
ID886,c-aligned,15,0.020,3.5,0.08,./IDs/ID886
ID887,c-aligned,15,0.020,4,0.08,./IDs/ID887
ID888,c-aligned,15,0.020,4.25,0.08,./IDs/ID888
ID889,c-aligned,15,0.025,1.25,0.08,./IDs/ID889
ID890,c-aligned,15,0.025,1.5,0.08,./IDs/ID890
ID891,c-aligned,15,0.025,1.75,0.08,./IDs/ID891
ID892,c-aligned,15,0.025,2,0.08,./IDs/ID892
ID893,c-aligned,15,0.025,2.25,0.08,./IDs/ID893
ID894,c-aligned,15,0.025,2.375,0.08,./IDs/ID894
ID895,c-aligned,15,0.025,2.5,0.08,./IDs/ID895
ID896,c-aligned,15,0.025,2.75,0.08,./IDs/ID896
ID897,c-aligned,15,0.025,3,0.08,./IDs/ID897
ID898,c-aligned,15,0.025,3.5,0.08,./IDs/ID898
ID899,c-aligned,15,0.025,4,0.08,./IDs/ID899
ID900,c-aligned,15,0.025,4.25,0.08,./IDs/ID900
ID901,c-aligned,15,0.030,1.25,0.08,./IDs/ID901
ID902,c-aligned,15,0.030,1.5,0.08,./IDs/ID902
ID903,c-aligned,15,0.030,1.75,0.08,./IDs/ID903
ID904,c-aligned,15,0.030,2,0.08,./IDs/ID904
ID905,c-aligned,15,0.030,2.25,0.08,./IDs/ID905
ID906,c-aligned,15,0.030,2.375,0.08,./IDs/ID906
ID907,c-aligned,15,0.030,2.5,0.08,./IDs/ID907
ID908,c-aligned,15,0.030,2.75,0.08,./IDs/ID908
ID909,c-aligned,15,0.030,3,0.08,./IDs/ID909
ID910,c-aligned,15,0.030,3.5,0.08,./IDs/ID910
ID911,c-aligned,15,0.030,4,0.08,./IDs/ID911
ID912,c-aligned,15,0.030,4.25,0.08,./IDs/ID912
ID913,c-aligned,15,0.035,1.25,0.08,./IDs/ID913
ID914,c-aligned,15,0.035,1.5,0.08,./IDs/ID914
ID915,c-aligned,15,0.035,1.75,0.08,./IDs/ID915
ID916,c-aligned,15,0.035,2,0.08,./IDs/ID916
ID917,c-aligned,15,0.035,2.25,0.08,./IDs/ID917
ID918,c-aligned,15,0.035,2.375,0.08,./IDs/ID918
ID919,c-aligned,15,0.035,2.5,0.08,./IDs/ID919
ID920,c-aligned,15,0.035,2.75,0.08,./IDs/ID920
ID921,c-aligned,15,0.035,3,0.08,./IDs/ID921
ID922,c-aligned,15,0.035,3.5,0.08,./IDs/ID922
ID923,c-aligned,15,0.035,4,0.08,./IDs/ID923
ID924,c-aligned,15,0.035,4.25,0.08,./IDs/ID924
ID925,d-rectangle,14,0.005,1.25,0.08,./IDs/ID925
ID926,d-rectangle,14,0.005,1.5,0.08,./IDs/ID926
ID927,d-rectangle,14,0.005,1.75,0.08,./IDs/ID927
ID928,d-rectangle,14,0.005,2,0.08,./IDs/ID928
ID929,d-rectangle,14,0.005,2.25,0.08,./IDs/ID929
ID930,d-rectangle,14,0.005,2.375,0.08,./IDs/ID930
ID931,d-rectangle,14,0.005,2.5,0.08,./IDs/ID931
ID932,d-rectangle,14,0.005,2.75,0.08,./IDs/ID932
ID933,d-rectangle,14,0.005,3,0.08,./IDs/ID933
ID934,d-rectangle,14,0.005,3.5,0.08,./IDs/ID934
ID935,d-rectangle,14,0.005,4,0.08,./IDs/ID935
ID936,d-rectangle,14,0.005,4.25,0.08,./IDs/ID936
ID937,d-rectangle,14,0.010,1.25,0.08,./IDs/ID937
ID938,d-rectangle,14,0.010,1.5,0.08,./IDs/ID938
ID939,d-rectangle,14,0.010,1.75,0.08,./IDs/ID939
ID940,d-rectangle,14,0.010,2,0.08,./IDs/ID940
ID941,d-rectangle,14,0.010,2.25,0.08,./IDs/ID941
ID942,d-rectangle,14,0.010,2.375,0.08,./IDs/ID942
ID943,d-rectangle,14,0.010,2.5,0.08,./IDs/ID943
ID944,d-rectangle,14,0.010,2.75,0.08,./IDs/ID944
ID945,d-rectangle,14,0.010,3,0.08,./IDs/ID945
ID946,d-rectangle,14,0.010,3.5,0.08,./IDs/ID946
ID947,d-rectangle,14,0.010,4,0.08,./IDs/ID947
ID948,d-rectangle,14,0.010,4.25,0.08,./IDs/ID948
ID949,d-rectangle,14,0.015,1.25,0.08,./IDs/ID949
ID950,d-rectangle,14,0.015,1.5,0.08,./IDs/ID950
ID951,d-rectangle,14,0.015,1.75,0.08,./IDs/ID951
ID952,d-rectangle,14,0.015,2,0.08,./IDs/ID952
ID953,d-rectangle,14,0.015,2.25,0.08,./IDs/ID953
ID954,d-rectangle,14,0.015,2.375,0.08,./IDs/ID954
ID955,d-rectangle,14,0.015,2.5,0.08,./IDs/ID955
ID956,d-rectangle,14,0.015,2.75,0.08,./IDs/ID956
ID957,d-rectangle,14,0.015,3,0.08,./IDs/ID957
ID958,d-rectangle,14,0.015,3.5,0.08,./IDs/ID958
ID959,d-rectangle,14,0.015,4,0.08,./IDs/ID959
ID960,d-rectangle,14,0.015,4.25,0.08,./IDs/ID960
ID961,d-rectangle,14,0.020,1.25,0.08,./IDs/ID961
ID962,d-rectangle,14,0.020,1.5,0.08,./IDs/ID962
ID963,d-rectangle,14,0.020,1.75,0.08,./IDs/ID963
ID964,d-rectangle,14,0.020,2,0.08,./IDs/ID964
ID965,d-rectangle,14,0.020,2.25,0.08,./IDs/ID965
ID966,d-rectangle,14,0.020,2.375,0.08,./IDs/ID966
ID967,d-rectangle,14,0.020,2.5,0.08,./IDs/ID967
ID968,d-rectangle,14,0.020,2.75,0.08,./IDs/ID968
ID969,d-rectangle,14,0.020,3,0.08,./IDs/ID969
ID970,d-rectangle,14,0.020,3.5,0.08,./IDs/ID970
ID971,d-rectangle,14,0.020,4,0.08,./IDs/ID971
ID972,d-rectangle,14,0.020,4.25,0.08,./IDs/ID972
ID973,d-rectangle,14,0.025,1.25,0.08,./IDs/ID973
ID974,d-rectangle,14,0.025,1.5,0.08,./IDs/ID974
ID975,d-rectangle,14,0.025,1.75,0.08,./IDs/ID975
ID976,d-rectangle,14,0.025,2,0.08,./IDs/ID976
ID977,d-rectangle,14,0.025,2.25,0.08,./IDs/ID977
ID978,d-rectangle,14,0.025,2.375,0.08,./IDs/ID978
ID979,d-rectangle,14,0.025,2.5,0.08,./IDs/ID979
ID980,d-rectangle,14,0.025,2.75,0.08,./IDs/ID980
ID981,d-rectangle,14,0.025,3,0.08,./IDs/ID981
ID982,d-rectangle,14,0.025,3.5,0.08,./IDs/ID982
ID983,d-rectangle,14,0.025,4,0.08,./IDs/ID983
ID984,d-rectangle,14,0.025,4.25,0.08,./IDs/ID984
ID985,d-rectangle,14,0.030,1.25,0.08,./IDs/ID985
ID986,d-rectangle,14,0.030,1.5,0.08,./IDs/ID986
ID987,d-rectangle,14,0.030,1.75,0.08,./IDs/ID987
ID988,d-rectangle,14,0.030,2,0.08,./IDs/ID988
ID989,d-rectangle,14,0.030,2.25,0.08,./IDs/ID989
ID990,d-rectangle,14,0.030,2.375,0.08,./IDs/ID990
ID991,d-rectangle,14,0.030,2.5,0.08,./IDs/ID991
ID992,d-rectangle,14,0.030,2.75,0.08,./IDs/ID992
ID993,d-rectangle,14,0.030,3,0.08,./IDs/ID993
ID994,d-rectangle,14,0.030,3.5,0.08,./IDs/ID994
ID995,d-rectangle,14,0.030,4,0.08,./IDs/ID995
ID996,d-rectangle,14,0.030,4.25,0.08,./IDs/ID996
ID997,d-rectangle,14,0.035,1.25,0.08,./IDs/ID997
ID998,d-rectangle,14,0.035,1.5,0.08,./IDs/ID998
ID999,d-rectangle,14,0.035,1.75,0.08,./IDs/ID999
ID1000,d-rectangle,14,0.035,2,0.08,./IDs/ID1000
ID1001,d-rectangle,14,0.035,2.25,0.08,./IDs/ID1001
ID1002,d-rectangle,14,0.035,2.375,0.08,./IDs/ID1002
ID1003,d-rectangle,14,0.035,2.5,0.08,./IDs/ID1003
ID1004,d-rectangle,14,0.035,2.75,0.08,./IDs/ID1004
ID1005,d-rectangle,14,0.035,3,0.08,./IDs/ID1005
ID1006,d-rectangle,14,0.035,3.5,0.08,./IDs/ID1006
ID1007,d-rectangle,14,0.035,4,0.08,./IDs/ID1007
ID1008,d-rectangle,14,0.035,4.25,0.08,./IDs/ID1008
